LSOA21CD,LSOA21NM,demand_occurrence,scheduled_stop_visits,positive_demand_visits,unique_stops,unique_trips,poor_general_health_rate,activity_limiting_disability_rate,health_deprivation_disability_score_2025,poor_general_health_rate_z,activity_limiting_disability_rate_z,health_deprivation_disability_score_2025_z,health_composite_raw,health_vulnerability_z,health_census_raw,health_census_only_z,health_iod_only_z,demand_occurrence_z,health_demand_gap,lower_demand,higher_health,health_demand_group,health_demand_divergence
E01005063,Manchester 018C,0.606076479832373,3818,2314,5,1528,0.0642115203021719,0.174917491749175,1.36,0.38945636512182263,-0.10580637768753105,0.8524258590887316,0.3786919488410077,0.42708849797163084,0.1418249937171458,0.14660814311988496,0.8524258590887316,0.37079668464730675,0.05629181332432409,False,True,B. Higher health vulnerability + Higher demand,False
E01005065,Manchester 018D,0.5825327510917031,4580,2668,6,1528,0.0629595588235294,0.167741935483871,1.316,0.31855668483608035,-0.27762534740496553,0.7791374792001468,0.2733562722104205,0.3082910002887034,0.02046566871555741,0.02115588803817362,0.7791374792001468,0.2037070111776511,0.10458398911105227,True,True,A. Higher health vulnerability + Lower demand,True
E01005215,Manchester 034C,0.6141732283464567,762,468,1,762,0.0493887530562347,0.157534246575342,0.6,-0.4499699883362992,-0.5220488494462013,-0.4134643389868232,-0.46182772558977464,-0.5208489650953796,-0.48600941889125027,-0.5024004343305419,-0.4134643389868232,0.4282592505936757,-0.9491082156890553,False,False,D. Lower health vulnerability + Higher demand,False
E01005216,Manchester 034D,0.6469816272965879,762,493,1,762,0.0425114453891432,0.151733158927404,0.4759999999999999,-0.839437973686911,-0.6609561154554963,-0.6200043186728349,-0.7067994692717474,-0.7971279152416139,-0.7501970445712036,-0.7754979767385884,-0.6200043186728349,0.6611002218783133,-1.458228137119927,False,False,D. Lower health vulnerability + Higher demand,False
E01005219,Manchester 031A,0.6404199475065617,1524,976,2,762,0.0500658761528327,0.174637999122422,1.293,-0.4116239114945864,-0.11249883934440942,0.7408276442583864,0.0722349644731302,0.0814665391547996,-0.2620613754194979,-0.2708995828360174,0.7408276442583864,0.6145320276213861,-0.5330654884665865,False,True,B. Higher health vulnerability + Higher demand,False
E01005221,Manchester 031C,0.6572475143903715,3822,2512,5,1528,0.0449745795854517,0.143918654673445,0.537,-0.6999485165444219,-0.8480747192437502,-0.5183999738272967,-0.6888077365384896,-0.776836852459658,-0.7740116178940861,-0.8001157135884372,-0.5183999738272967,0.7339571487173306,-1.5107940011769885,False,False,D. Lower health vulnerability + Higher demand,False
E01005222,Manchester 031D,0.6174934725848564,1532,946,2,766,0.0702402957486137,0.19547134935305,1.293,0.7308712240923423,0.38635653019638316,0.7408276442583864,0.619351799515704,0.6985044983944073,0.5586138771443627,0.5774535298938186,0.7408276442583864,0.45182300006363024,0.24668149833077707,False,True,B. Higher health vulnerability + Higher demand,False
E01005232,Manchester 020C,0.6564136125654451,1528,1003,2,1528,0.073208722741433,0.169781931464174,1.127,0.8989758569686322,-0.22877756549038547,0.4643305746787259,0.37817628871899084,0.42650693686992247,0.33509914573912336,0.3464006042253273,0.4643305746787259,0.7280389534659547,-0.30153201659603224,False,True,B. Higher health vulnerability + Higher demand,False
E01005234,Manchester 063A,0.6091703056768559,2290,1395,3,1528,0.0514483354950281,0.126242974492002,1.093,-0.33333402235521037,-1.2713195584648311,0.40769864476481943,-0.39898497868507404,-0.4499749619218705,-0.8023267904100208,-0.8293858355597419,0.40769864476481943,0.39275354440476945,-0.8427285063266399,False,False,D. Lower health vulnerability + Higher demand,False
E01005238,Manchester 063D,0.5879265091863517,762,448,1,762,0.0443864229765013,0.13272410791993,0.815,-0.7332563428984284,-1.1161285701964623,-0.055350664531238734,-0.6349118592087099,-0.716053122131916,-0.9246924565474454,-0.9558783713522309,-0.055350664531238734,0.2419864735659653,-0.9580395956978813,True,False,C. Lower health vulnerability + Lower demand,False
E01005239,Manchester 020E,0.7684943429068756,2298,1766,3,766,0.0871254162042175,0.212978369384359,1.669,1.6870904547244339,0.8055627956599792,1.3671101633062925,1.2865878045635686,1.4510127681388134,1.2463266251922065,1.2883598824951832,1.3671101633062925,1.5234750902508576,-0.07246232211204418,False,True,B. Higher health vulnerability + Higher demand,False
E01005760,Stockport 023B,0.6650485436893204,618,411,1,618,0.0585492227979275,0.177777777777778,0.977,0.06879547452558901,-0.03731671913547473,0.2144838250585506,0.08198752681622162,0.09246547170468157,0.015739377695057143,0.01627019947088437,0.2144838250585506,0.7893209975216597,-0.6968555258169782,False,True,B. Higher health vulnerability + Higher demand,False
E01005766,Stockport 014C,0.6197879858657244,1415,877,3,737,0.0713884204609331,0.231330713082538,1.379,0.7958905369228529,1.2450103687169198,0.8840731140406203,0.9749913398934643,1.0995945072634077,1.0204504528198863,1.0548658745731547,0.8840731140406203,0.46810714430836653,0.6314873629550412,False,True,B. Higher health vulnerability + Higher demand,False
E01005797,Stockport 023C,0.662891046386192,1854,1229,3,618,0.050105857445307,0.193069306930693,0.8419999999999999,-0.4093597357174591,0.32883953235433977,-0.010378249599607332,-0.030299484320908884,-0.03417173585954679,-0.04026010168155966,-0.04161790242080311,-0.010378249599607332,0.7740092546850774,-0.8081809905446242,False,True,B. Higher health vulnerability + Higher demand,False
E01005798,Stockport 027A,0.6456310679611651,1236,798,2,618,0.0773918342474101,0.24405125076266,0.6059999999999999,1.1358691427708172,1.5496041308784054,-0.4034704690020164,0.7606676015490687,0.8578803547198492,1.3427366368246112,1.3880213907606658,-0.4034704690020164,0.6515153119924217,0.2063650427274275,False,True,B. Higher health vulnerability + Higher demand,False
E01005801,Stockport 027B,0.6153846153846154,2691,1656,5,837,0.0483069977426637,0.150518251464624,0.4189999999999999,-0.511230743709338,-0.6900471212031931,-0.7149460835285015,-0.6387413161470109,-0.7203719808159507,-0.6006389324562655,-0.6208959102691447,-0.7149460835285015,0.43685645568726245,-1.157228436503213,False,False,D. Lower health vulnerability + Higher demand,False
E01005822,Stockport 016D,0.6476063829787234,752,487,3,678,0.0890880337374802,0.232631578947368,1.405,1.7982352127743344,1.2761596516953595,0.9273798839747841,1.3339249161481594,1.5043995273420478,1.537197432234847,1.5890405156517944,0.9273798839747841,0.6655341084591592,0.8388654188828887,False,True,B. Higher health vulnerability + Higher demand,False
E01005825,Stockport 019A,0.26366559485530544,1866,492,3,622,0.0513126491646778,0.171837708830549,0.216,-0.3410180586495321,-0.17955189768161836,-1.053072018014472,-0.524547324781874,-0.5915840823702989,-0.2602849781655752,-0.2690632753135205,-1.053072018014472,-2.0592909023049937,1.4677068199346948,True,False,C. Lower health vulnerability + Lower demand,False
E01005830,Stockport 027E,0.24758842443729903,622,154,1,622,0.0467836257309941,0.174025974025974,-0.044,-0.5975006413269013,-0.12715380372973217,-1.486139717356109,-0.7369313874709142,-0.8311106701538108,-0.36232722252831673,-0.37454696738858284,-1.486139717356109,-2.1733904650824174,1.3422797949286065,True,False,C. Lower health vulnerability + Lower demand,False
E01005831,Stockport 027F,0.29508196721311475,1647,486,3,622,0.0443768996960486,0.157734470158343,0.3649999999999999,-0.733795654651135,-0.5172544880793054,-0.8048909133917646,-0.6853136853740684,-0.7728962641576997,-0.6255250713652203,-0.6466213520212658,-0.8048909133917646,-1.836329133730093,1.0634328695723934,True,False,C. Lower health vulnerability + Lower demand,False
E01005836,Stockport 031B,0.46064623032311514,1207,556,3,804,0.0616475722858702,0.205128205128205,0.076,0.24425773263501502,0.6175903117527872,-1.2862623176599688,-0.1414714244240555,-0.1595513671418041,0.43092402219390114,0.44545724321059615,-1.2862623176599688,-0.6613207497137311,0.501769382571927,True,True,A. Higher health vulnerability + Lower demand,True
E01005838,Stockport 031C,0.5541044776119403,1608,891,4,804,0.0466292134831461,0.166105499438833,0.3649999999999999,-0.6062451428082859,-0.31680987120647924,-0.8048909133917646,-0.5759819758021766,-0.6495920434985637,-0.46152750700738254,-0.47709285244919286,-0.8048909133917646,0.001951758840145242,-0.6515438023387089,True,False,C. Lower health vulnerability + Lower demand,False
E01005840,Stockport 031D,0.6091286307053941,1205,734,3,804,0.0561797752808989,0.17654398003743,0.467,-0.06538842352319657,-0.0668600533033538,-0.6349951236500452,-0.25574786682553186,-0.2884322538048559,-0.0661242384132752,-0.0683543256721105,-0.6349951236500452,0.39245777743216675,-0.6808900312370226,False,True,B. Higher health vulnerability + Higher demand,False
E01005841,Stockport 035D,0.3843283582089552,804,309,1,804,0.0487144790257104,0.17027027027027,0.137,-0.4881547200590253,-0.2170842740668108,-1.1846579728144309,-0.6299656556467557,-0.7104747974371286,-0.35261949706291806,-0.3645118419350384,-1.1846579728144309,-1.202948138982194,0.4924733415450655,True,False,C. Lower health vulnerability + Lower demand,False
E01005863,Stockport 006A,0.5804973821989529,1528,887,2,1528,0.0390215492137449,0.151832460732984,-0.126,-1.0370738652755747,-0.6585783299159501,-1.6227226071484715,-1.1061249341133321,-1.2474868771973098,-0.8478260975957623,-0.8764196394395186,-1.6227226071484715,0.18926201279077892,-1.4367488899880887,True,False,C. Lower health vulnerability + Lower demand,False
E01005866,Stockport 006C,0.5741710296684118,4584,2632,6,1528,0.048532055122828,0.159976033553026,0.313,-0.4984855462158038,-0.463580166703967,-0.8915044532600919,-0.6178567220599542,-0.6968183511528784,-0.4810328564598854,-0.4972560337699631,-0.8915044532600919,0.1443639344011808,-0.8411822855540592,True,False,C. Lower health vulnerability + Lower demand,False
E01005869,Stockport 006D,0.612892670157068,3056,1873,4,1528,0.0583804143126177,0.198995605775267,-0.045,0.05923570144777639,0.47074498526478264,-1.4878053623535767,-0.31927489188033925,-0.36007798536661917,0.2649903433562795,0.27392733231242977,-1.4878053623535767,0.41917113833751335,-0.7792491237041326,False,False,D. Lower health vulnerability + Higher demand,False
E01005874,Stockport 019C,0.2845659163987138,622,177,1,622,0.0779082177161153,0.28,1.438,1.1651123930309915,2.4103983088094303,0.9823461688912225,1.5192856235772147,1.7134491951818873,1.7877553509202109,1.8480486794434732,0.9823461688912225,-1.9109614706943425,3.62441066587623,True,True,A. Higher health vulnerability + Lower demand,True
E01005877,Stockport 019E,0.2741157556270096,1244,341,2,622,0.0575373993095512,0.194588370754174,0.4879999999999999,0.011495019954679287,0.36521357381333713,-0.6000165787032209,-0.07443599497840149,-0.08394885972000565,0.1883542968840082,0.1947066803323085,-0.6000165787032209,-1.985126186499668,1.9011773267796626,True,True,A. Higher health vulnerability + Lower demand,True
E01005916,Stockport 007C,0.5870418848167539,1528,897,2,1528,0.0557620817843866,0.197026022304833,0.656,-0.08904277380901082,0.4235832335970009,-0.3201882191286244,0.004784080219788563,0.005395482110191774,0.16727022989399504,0.17291153809534893,-0.3201882191286244,0.23570830078001814,-0.23031281866982636,True,True,A. Higher health vulnerability + Lower demand,True
E01005917,Stockport 007D,0.5525196335078534,6112,3377,8,1528,0.0650628758884636,0.208652792990142,1.232,0.4376693811828363,0.7019867031579812,0.6392232994128485,0.5929597945845554,0.6687396148815643,0.5698280421704087,0.5890459006601978,0.6392232994128485,-0.009295868363218931,0.6780354832447832,True,True,A. Higher health vulnerability + Lower demand,True
E01033653,Manchester 055B,0.36780104712041883,1528,562,2,1528,0.0383576445164776,0.137763371150729,0.8439999999999999,-1.0746713725307437,-0.9954632190462748,-0.0070469596046716584,-0.6923938503938967,-0.7808812689959707,-1.0350672957885092,-1.069975681030672,-0.0070469596046716584,-1.320242346859497,0.5393610778635264,True,False,C. Lower health vulnerability + Lower demand,False
E01033654,Manchester 055C,0.5606159895150721,3052,1711,4,1528,0.010608598548297,0.0978200111794298,0.5919999999999999,-2.646124265403775,-1.9519085040628619,-0.4267894989665661,-1.674940756144401,-1.888996937807927,-2.2990163847333185,-2.3765523574791074,-0.4267894989665661,0.048163911964753225,-1.9371608497726802,True,False,C. Lower health vulnerability + Lower demand,False
E01033661,Manchester 055E,0.762402088772846,766,584,1,766,0.042778057372924,0.148390342052314,0.921,-0.8243395024217229,-0.740999993615747,0.12120770520035194,-0.4813772636123727,-0.5428969195228874,-0.782669748018735,-0.8090658453472772,0.12120770520035194,1.480238406496906,-2.0231353260197933,False,False,D. Lower health vulnerability + Higher demand,False
E01033947,Stockport 014E,0.42370744010088274,793,336,2,793,0.0818181818181818,0.231818181818182,1.606,1.386537100974743,1.2566828262701832,1.262174528465819,1.3017981519035817,1.4681669865449734,1.3216099636224632,1.3661822053865782,1.262174528465819,-0.9234750781372968,2.3916420646822703,True,True,A. Higher health vulnerability + Lower demand,True
E01033948,Stockport 014F,0.3766519823788546,1362,513,2,681,0.115727002967359,0.306379821958457,2.884,3.3068234830684218,3.042064156396426,3.3908688352297114,3.246585491564853,3.6614967003459356,3.174443819732424,3.2815042091773483,3.3908688352297114,-1.2574273230150192,4.918924023360955,True,True,A. Higher health vulnerability + Lower demand,True
E01034119,Manchester 022H,0.5400262467191601,1524,823,2,762,0.05249343832021,0.163540885221305,1.685,-0.274148929654542,-0.3782196569131313,1.393760483265778,0.2471306322327015,0.27871374304648167,-0.3261842932838367,-0.3371850919915385,1.393760483265778,-0.09796134450960575,0.3766750875560874,True,True,A. Higher health vulnerability + Lower demand,True
E01034137,Manchester 063C,0.7069190600522193,1532,1083,2,766,0.0548498845265589,0.136599423631124,0.658,-0.14070130727095143,-1.0233339870020217,-0.3168569291336887,-0.493630741135554,-0.5567163823509759,-0.5820176471364866,-0.6016466087766088,-0.3168569291336887,1.0864757508805611,-1.643192133231537,False,False,D. Lower health vulnerability + Higher demand,False
E01034138,Manchester 064B,0.737597911227154,766,565,1,766,0.0462093862815884,0.122021660649819,1.146,-0.630020326688523,-1.3723990801633625,0.4959778296306146,-0.5021471924070904,-0.5663212297546266,-1.0012097034259428,-1.0349762171372654,0.4959778296306146,1.3042033369272457,-1.8705245666818722,False,False,D. Lower health vulnerability + Higher demand,False
