LSOA21CD,maximum_p90_passengers,maximum_p90_capacity_pct,median_p90_capacity_pct,maximum_p90_pmd_tkm,median_p90_pmd_tkm,LSOA21NM,demand_occurrence,demand_occurrence_z,health_vulnerability_z,health_demand_gap,higher_health,lower_demand,health_demand_group,health_demand_divergence,highest_loading_direction,highest_loading_period,highest_loading_p90_passengers,highest_loading_capacity_pct,pmd_under_highest_loading_condition,higher_operational_pressure,higher_pmd_burden,planning_context
E01005063,34.0,34.0,22.5,0.6859907999999977,0.4472523335999995,Manchester 018C,0.606076479832373,0.37079668464730675,0.42708849797163084,0.05629181332432409,True,False,B. Higher health vulnerability + Higher demand,False,Hazel Grove to Manchester,Night/Early morning off-peak,34.0,34.0,0.6859907999999977,False,False,Health-sensitive service monitoring
E01005065,34.0,34.0,21.0,0.7906128120000004,0.4831522740000002,Manchester 018D,0.5825327510917031,0.2037070111776511,0.3082910002887034,0.10458398911105227,True,True,A. Higher health vulnerability + Lower demand,True,Hazel Grove to Manchester,Night/Early morning off-peak,34.0,34.0,0.7906128120000004,False,False,Equity/accessibility investigation
E01005215,38.900000000000006,38.900000000000006,24.050000000000004,1.0090829603999998,0.6238674144000014,Manchester 034C,0.6141732283464567,0.4282592505936757,-0.5208489650953796,-0.9491082156890553,False,False,D. Lower health vulnerability + Higher demand,False,Hazel Grove to Manchester,Night/Early morning off-peak,38.900000000000006,38.900000000000006,1.0090829603999998,False,False,Demand-led service monitoring
E01005216,41.0,41.0,24.0,0.6248744399999977,0.3657801599999996,Manchester 034D,0.6469816272965879,0.6611002218783133,-0.7971279152416139,-1.458228137119927,False,False,D. Lower health vulnerability + Higher demand,False,Hazel Grove to Manchester,Night/Early morning off-peak,41.0,41.0,0.6248744399999977,False,False,Demand-led service monitoring
E01005219,41.900000000000006,41.900000000000006,24.10000000000001,0.798268367599998,0.43842836119999956,Manchester 031A,0.6404199475065617,0.6145320276213861,0.0814665391547996,-0.5330654884665865,True,False,B. Higher health vulnerability + Higher demand,False,Hazel Grove to Manchester,Night/Early morning off-peak,41.900000000000006,41.900000000000006,0.798268367599998,False,False,Health-sensitive service monitoring
E01005221,75.19999999999999,75.19999999999999,28.5,1.0181783072000008,0.46624624660000125,Manchester 031C,0.6572475143903715,0.7339571487173306,-0.776836852459658,-1.5107940011769885,False,False,D. Lower health vulnerability + Higher demand,False,Manchester to Hazel Grove,AM peak,75.19999999999999,75.19999999999999,1.0181783072000008,True,False,Operational capacity / reliability priority
E01005222,74.0,74.0,34.0,1.493051112,1.0558004292000007,Manchester 031D,0.6174934725848564,0.45182300006363024,0.6985044983944073,0.24668149833077707,True,False,B. Higher health vulnerability + Higher demand,False,Manchester to Hazel Grove,AM peak,74.0,74.0,1.493051112,True,True,Service protection / capacity priority
E01005232,56.0,56.00000000000001,24.0,1.9211588480000013,0.5852613528000001,Manchester 020C,0.6564136125654451,0.7280389534659547,0.42650693686992247,-0.30153201659603224,True,False,B. Higher health vulnerability + Higher demand,False,Manchester to Hazel Grove,AM peak,56.0,56.00000000000001,1.9211588480000013,False,True,Health-sensitive service monitoring
E01005234,56.900000000000006,56.900000000000006,25.5,1.1480444079999983,0.5987901873999993,Manchester 063A,0.6091703056768559,0.39275354440476945,-0.4499749619218705,-0.8427285063266399,False,False,D. Lower health vulnerability + Higher demand,False,Manchester to Hazel Grove,AM peak,56.900000000000006,56.900000000000006,0.8604056115999985,True,True,Operational capacity / reliability priority
E01005238,42.0,42.0,24.0,1.107062712000001,0.6326072640000007,Manchester 063D,0.5879265091863517,0.2419864735659653,-0.716053122131916,-0.9580395956978813,False,True,C. Lower health vulnerability + Lower demand,False,Hazel Grove to Manchester,Night/Early morning off-peak,42.0,42.0,1.107062712000001,False,True,Lower immediate combined priority
E01005239,45.0,45.0,28.0,0.9686106455999993,0.6923953663999998,Manchester 020E,0.7684943429068756,1.5234750902508576,1.4510127681388134,-0.07246232211204418,True,False,B. Higher health vulnerability + Higher demand,False,Manchester to Hazel Grove,AM peak,45.0,45.0,0.9686106455999993,False,False,Health-sensitive service monitoring
E01005760,31.200000000000017,31.200000000000017,21.0,0.7024553952000008,0.47280651600000023,Stockport 023B,0.6650485436893204,0.7893209975216597,0.09246547170468157,-0.6968555258169782,True,False,B. Higher health vulnerability + Higher demand,False,Hazel Grove to Manchester,AM peak,31.200000000000017,31.200000000000017,0.7024553952000008,False,False,Health-sensitive service monitoring
E01005766,32.0,32.0,21.0,0.8321828303999994,0.5101394747999999,Stockport 014C,0.6197879858657244,0.46810714430836653,1.0995945072634077,0.6314873629550412,True,False,B. Higher health vulnerability + Higher demand,False,Hazel Grove to Manchester,AM peak,32.0,32.0,0.8321828303999994,False,False,Health-sensitive service monitoring
E01005797,30.0,30.0,20.200000000000003,0.4102722336000006,0.28285565600000007,Stockport 023C,0.662891046386192,0.7740092546850774,-0.03417173585954679,-0.8081809905446242,True,False,B. Higher health vulnerability + Higher demand,False,Hazel Grove to Manchester,AM peak,30.0,30.0,0.4102722336000006,False,False,Health-sensitive service monitoring
E01005798,26.0,26.0,19.25,0.4070316528000003,0.29257328439999997,Stockport 027A,0.6456310679611651,0.6515153119924217,0.8578803547198492,0.2063650427274275,True,False,B. Higher health vulnerability + Higher demand,False,Hazel Grove to Manchester,AM peak,26.0,26.0,0.4070316528000003,False,False,Health-sensitive service monitoring
E01005801,22.0,22.0,17.0,0.5141973000000001,0.37410254399999987,Stockport 027B,0.6153846153846154,0.43685645568726245,-0.7203719808159507,-1.157228436503213,False,False,D. Lower health vulnerability + Higher demand,False,Hazel Grove to Manchester,AM peak,22.0,22.0,0.5141973000000001,False,False,Demand-led service monitoring
E01005822,32.0,32.0,21.0,0.9856235520000006,0.6468154560000003,Stockport 016D,0.6476063829787234,0.6655341084591592,1.5043995273420478,0.8388654188828887,True,False,B. Higher health vulnerability + Higher demand,False,Hazel Grove to Manchester,AM peak,32.0,32.0,0.9856235520000006,False,False,Health-sensitive service monitoring
E01005825,28.0,28.000000000000004,17.0,0.5352560704000001,0.3597861844000002,Stockport 019A,0.26366559485530544,-2.0592909023049937,-0.5915840823702989,1.4677068199346948,False,True,C. Lower health vulnerability + Lower demand,False,Manchester to Hazel Grove,AM peak,28.0,28.000000000000004,0.5352560704000001,False,False,Lower immediate combined priority
E01005830,24.10000000000001,24.10000000000001,14.0,0.5449173880000004,0.31654952000000014,Stockport 027E,0.24758842443729903,-2.1733904650824174,-0.8311106701538108,1.3422797949286065,False,True,C. Lower health vulnerability + Lower demand,False,Manchester to Hazel Grove,AM peak,24.10000000000001,24.10000000000001,0.5449173880000004,False,False,Lower immediate combined priority
E01005831,21.0,21.0,12.5,0.4542920200000005,0.31450986000000036,Stockport 027F,0.29508196721311475,-1.836329133730093,-0.7728962641576997,1.0634328695723934,False,True,C. Lower health vulnerability + Lower demand,False,Manchester to Hazel Grove,AM peak,21.0,21.0,0.4192250320000003,False,False,Lower immediate combined priority
E01005836,16.700000000000003,16.700000000000003,6.500000000000007,0.38915040000000045,0.12883541800000006,Stockport 031B,0.46064623032311514,-0.6613207497137311,-0.1595513671418041,0.501769382571927,True,True,A. Higher health vulnerability + Lower demand,True,Manchester to Hazel Grove,PM interpeak,16.700000000000003,16.700000000000003,0.38915040000000045,False,False,Equity/accessibility investigation
E01005838,19.0,19.0,14.350000000000009,0.3833007000000008,0.21548437719999997,Stockport 031C,0.5541044776119403,0.001951758840145242,-0.6495920434985637,-0.6515438023387089,False,True,C. Lower health vulnerability + Lower demand,False,Manchester to Hazel Grove,AM peak,19.0,19.0,0.3833007000000008,False,False,Lower immediate combined priority
E01005840,17.0,17.0,9.75,0.36183165839999987,0.18671538600000015,Stockport 031D,0.6091286307053941,0.39245777743216675,-0.2884322538048559,-0.6808900312370226,True,False,B. Higher health vulnerability + Higher demand,False,Manchester to Hazel Grove,AM peak,17.0,17.0,0.186714808,False,False,Health-sensitive service monitoring
E01005841,5.0,5.0,3.5,0.11255598000000001,0.07878918600000001,Stockport 035D,0.3843283582089552,-1.202948138982194,-0.7104747974371286,0.4924733415450655,False,True,C. Lower health vulnerability + Lower demand,False,Hazel Grove to Manchester,AM peak,5.0,5.0,0.11255598000000001,False,False,Lower immediate combined priority
E01005863,64.0,64.0,24.65,1.4428316159999979,0.5474201007999997,Stockport 006A,0.5804973821989529,0.18926201279077892,-1.2474868771973098,-1.4367488899880887,False,True,C. Lower health vulnerability + Lower demand,False,Manchester to Hazel Grove,AM peak,64.0,64.0,1.4428316159999979,True,True,Operational review despite lower local demand
E01005866,67.0,67.0,26.5,1.3847948399999985,0.5637824580000008,Stockport 006C,0.5741710296684118,0.1443639344011808,-0.6968183511528784,-0.8411822855540592,False,True,C. Lower health vulnerability + Lower demand,False,Manchester to Hazel Grove,AM peak,67.0,67.0,1.3847948399999985,True,True,Operational review despite lower local demand
E01005869,69.0,69.0,26.5,0.8980393139999983,0.4365089829999996,Stockport 006D,0.612892670157068,0.41917113833751335,-0.36007798536661917,-0.7792491237041326,False,False,D. Lower health vulnerability + Higher demand,False,Manchester to Hazel Grove,AM peak,69.0,69.0,0.8980393139999983,True,False,Operational capacity / reliability priority
E01005874,41.900000000000006,41.900000000000006,25.700000000000003,0.611774525599997,0.3752411767999982,Stockport 019C,0.2845659163987138,-1.9109614706943425,1.7134491951818873,3.62441066587623,True,True,A. Higher health vulnerability + Lower demand,True,Manchester to Hazel Grove,AM peak,41.900000000000006,41.900000000000006,0.611774525599997,False,False,Equity/accessibility investigation
E01005877,35.0,35.0,22.64999999999999,0.7194963719999985,0.5261681832000008,Stockport 019E,0.2741157556270096,-1.985126186499668,-0.08394885972000565,1.9011773267796626,True,True,A. Higher health vulnerability + Lower demand,True,Manchester to Hazel Grove,AM peak,35.0,35.0,0.7194963719999985,False,False,Equity/accessibility investigation
E01005916,62.400000000000006,62.40000000000001,24.5,1.603815033600004,0.5806818860000007,Stockport 007C,0.5870418848167539,0.23570830078001814,0.005395482110191774,-0.23031281866982636,True,True,A. Higher health vulnerability + Lower demand,True,Manchester to Hazel Grove,AM peak,62.400000000000006,62.40000000000001,1.603815033600004,True,True,Equity-sensitive + operational review
E01005917,60.0,60.0,25.0,1.073671379999999,0.47984528099999985,Stockport 007D,0.5525196335078534,-0.009295868363218931,0.6687396148815643,0.6780354832447832,True,True,A. Higher health vulnerability + Lower demand,True,Manchester to Hazel Grove,AM peak,60.0,60.0,1.073671379999999,True,True,Equity-sensitive + operational review
E01033653,6.0,6.0,5.0,0.16026729599999998,0.13355608,Manchester 055B,0.36780104712041883,-1.320242346859497,-0.7808812689959707,0.5393610778635264,False,True,C. Lower health vulnerability + Lower demand,False,Manchester to Hazel Grove,AM peak,6.0,6.0,0.16026729599999998,False,False,Lower immediate combined priority
E01033654,33.0,33.0,15.5,0.682958952,0.41332600479999987,Manchester 055C,0.5606159895150721,0.048163911964753225,-1.888996937807927,-1.9371608497726802,False,True,C. Lower health vulnerability + Lower demand,False,Hazel Grove to Manchester,Night/Early morning off-peak,33.0,33.0,0.682958952,False,False,Lower immediate combined priority
E01033661,11.0,11.0,8.5,0.12576273599999996,0.09718029599999997,Manchester 055E,0.762402088772846,1.480238406496906,-0.5428969195228874,-2.0231353260197933,False,False,D. Lower health vulnerability + Higher demand,False,Manchester to Hazel Grove,PM interpeak,11.0,11.0,0.12576273599999996,False,False,Demand-led service monitoring
E01033947,56.70000000000002,56.70000000000002,32.5,1.4155989623999952,0.811410339999997,Stockport 014E,0.42370744010088274,-0.9234750781372968,1.4681669865449734,2.3916420646822703,True,True,A. Higher health vulnerability + Lower demand,True,Manchester to Hazel Grove,AM peak,56.70000000000002,56.70000000000002,1.4155989623999952,False,True,Equity/accessibility investigation
E01033948,50.0,50.0,31.099999999999994,1.0166680000000015,0.6237798916000011,Stockport 014F,0.3766519823788546,-1.2574273230150192,3.6614967003459356,4.918924023360955,True,True,A. Higher health vulnerability + Lower demand,True,Manchester to Hazel Grove,AM peak,50.0,50.0,1.0166680000000015,False,False,Equity/accessibility investigation
E01034119,36.5,36.5,23.5,0.4821874559999994,0.3045817375999994,Manchester 022H,0.5400262467191601,-0.09796134450960575,0.27871374304648167,0.3766750875560874,True,True,A. Higher health vulnerability + Lower demand,True,Hazel Grove to Manchester,Night/Early morning off-peak,36.5,36.5,0.4821874559999994,False,False,Equity/accessibility investigation
E01034137,63.0,63.0,34.5,1.4328633940000017,0.8073402917999999,Manchester 063C,0.7069190600522193,1.0864757508805611,-0.5567163823509759,-1.643192133231537,False,False,D. Lower health vulnerability + Higher demand,False,Manchester to Hazel Grove,AM peak,63.0,63.0,1.4328633940000017,True,True,Operational capacity / reliability priority
E01034138,68.10000000000001,68.10000000000002,36.4,0.8559292871999993,0.4575011167999996,Manchester 064B,0.737597911227154,1.3042033369272457,-0.5663212297546266,-1.8705245666818722,False,False,D. Lower health vulnerability + Higher demand,False,Manchester to Hazel Grove,AM peak,68.10000000000001,68.10000000000002,0.8559292871999993,True,False,Operational capacity / reliability priority
